{"cameraMode":{"drawMode":0,"name":"Shaded","section":"Shading Mode"},"sceneLighting":false,"audioPlay":false,"sceneViewState":{"m_AlwaysRefresh":false,"showFog":false,"showSkybox":false,"showFlares":true,"showImageEffects":true,"showParticleSystems":true,"showVisualEffectGraphs":true,"m_FxEnabled":true},"in2DMode":false,"pivot":{"x":0.08900827914476395,"y":5.811850547790527,"z":6.953962802886963},"rotation":{"x":0.19693297147750855,"y":-0.035962559282779697,"z":0.010246255435049534,"w":0.9801137447357178},"size":8.019803047180176,"orthographic":false}