{"cameraMode":{"drawMode":0,"name":"Shaded","section":"Shading Mode"},"sceneLighting":true,"audioPlay":false,"sceneViewState":{"m_AlwaysRefresh":false,"showFog":false,"showSkybox":true,"showFlares":true,"showImageEffects":true,"showParticleSystems":true,"showVisualEffectGraphs":true,"m_FxEnabled":true},"in2DMode":false,"pivot":{"x":-25.15651512145996,"y":-273.8194885253906,"z":241.6354217529297},"rotation":{"x":0.40535154938697817,"y":-0.02517302706837654,"z":0.013634281232953072,"w":0.9142315983772278},"size":201.67437744140626,"orthographic":false}