{"cameraMode":{"drawMode":0,"name":"Shaded","section":"Shading Mode"},"sceneLighting":true,"audioPlay":false,"sceneViewState":{"m_AlwaysRefresh":false,"showFog":true,"showSkybox":true,"showFlares":true,"showImageEffects":true,"showParticleSystems":true,"showVisualEffectGraphs":true,"m_FxEnabled":true},"in2DMode":false,"pivot":{"x":-30.706256866455079,"y":29.285552978515626,"z":7.6977620124816898},"rotation":{"x":0.13254386186599732,"y":0.29210835695266726,"z":-0.03831429407000542,"w":0.9469906091690064},"size":1.2247449159622193,"orthographic":false}