{"cameraMode":{"drawMode":0,"name":"Shaded","section":"Shading Mode"},"sceneLighting":true,"audioPlay":false,"sceneViewState":{"m_AlwaysRefresh":false,"showFog":false,"showSkybox":true,"showFlares":true,"showImageEffects":true,"showParticleSystems":true,"showVisualEffectGraphs":true,"m_FxEnabled":true},"in2DMode":false,"pivot":{"x":-19.35202407836914,"y":26.349933624267579,"z":5.3008904457092289},"rotation":{"x":0.2666688859462738,"y":0.48850932717323305,"z":-0.15606342256069184,"w":0.8168103098869324},"size":0.8660253882408142,"orthographic":false}