{"cameraMode":{"drawMode":0,"name":"Shaded","section":"Shading Mode"},"sceneLighting":false,"audioPlay":false,"sceneViewState":{"m_AlwaysRefresh":false,"showFog":true,"showSkybox":false,"showFlares":true,"showImageEffects":true,"showParticleSystems":true,"showVisualEffectGraphs":true,"m_FxEnabled":true},"in2DMode":false,"pivot":{"x":-1.9246171712875367,"y":-10.03649616241455,"z":22.533382415771486},"rotation":{"x":-0.31948909163475039,"y":0.059278421103954318,"z":-0.02221413142979145,"w":-0.9460629224777222},"size":17.45081901550293,"orthographic":false}