{"cameraMode":{"drawMode":0,"name":"Shaded","section":"Shading Mode"},"sceneLighting":false,"audioPlay":false,"sceneViewState":{"m_AlwaysRefresh":false,"showFog":false,"showSkybox":false,"showFlares":true,"showImageEffects":true,"showParticleSystems":true,"showVisualEffectGraphs":true,"m_FxEnabled":true},"in2DMode":false,"pivot":{"x":7.091420650482178,"y":25.171850204467775,"z":-10.561347961425782},"rotation":{"x":-0.36460158228874209,"y":0.18033087253570558,"z":-0.07578838616609574,"w":-0.9108739495277405},"size":11.394658088684082,"orthographic":false}