{"cameraMode":{"drawMode":0,"name":"Shaded","section":"Shading Mode"},"sceneLighting":false,"audioPlay":false,"sceneViewState":{"m_AlwaysRefresh":false,"showFog":false,"showSkybox":false,"showFlares":true,"showImageEffects":true,"showParticleSystems":true,"showVisualEffectGraphs":true,"m_FxEnabled":true},"in2DMode":false,"pivot":{"x":0.16482257843017579,"y":3.837308645248413,"z":0.6055141687393189},"rotation":{"x":0.3043418824672699,"y":-0.030282653868198396,"z":0.01290042418986559,"w":0.9523937106132507},"size":6.430256366729736,"orthographic":false}